Title;City;Time;Link
Office Manager (w/m/d) mit Assistenzfunktion;Frankfurt, Hesse, Germany;2023-11-20;https://de.linkedin.com/jobs/view/office-manager-w-m-d-mit-assistenzfunktion-at-wernaer-gmbh-3770457336?refId=kaDLUkG58osDKtxNjkZG5g%3D%3D&trackingId=qomrgIrPIgdSeSNlYcNGRg%3D%3D&position=1&pageNum=0&trk=public_jobs_jserp-result_search-card
ID Administrator - Hahn;Hahn, Rhineland-Palatinate, Germany;2023-06-01;https://de.linkedin.com/jobs/view/id-administrator-hahn-at-nobox-hr-outsourcing-solutions-3646125798?refId=kaDLUkG58osDKtxNjkZG5g%3D%3D&trackingId=vbTqsh%2F9dfIN1ZclrxsowA%3D%3D&position=2&pageNum=0&trk=public_jobs_jserp-result_search-card
ICT System Administrator;Frankfurt, Hesse, Germany;2023-08-22;https://de.linkedin.com/jobs/view/ict-system-administrator-at-alevio-consulting-3701157586?refId=kaDLUkG58osDKtxNjkZG5g%3D%3D&trackingId=g9unaP35NU5ikWwKcKuHig%3D%3D&position=3&pageNum=0&trk=public_jobs_jserp-result_search-card
IT-Administrator:in;Flörsheim, Hesse, Germany;2023-10-30;https://de.linkedin.com/jobs/view/it-administrator-in-at-brink%E2%80%99s-inc-3681881113?refId=kaDLUkG58osDKtxNjkZG5g%3D%3D&trackingId=JZ7xn0DA1iySZGJL3L%2Brww%3D%3D&position=4&pageNum=0&trk=public_jobs_jserp-result_search-card
IT-Administrator:in;Heubach, Baden-Württemberg, Germany;2023-10-28;https://de.linkedin.com/jobs/view/it-administrator-in-at-netzstation-informationstechnik-gmbh-3745206376?refId=kaDLUkG58osDKtxNjkZG5g%3D%3D&trackingId=Wv0SsmRX1Jn4GMsao7fPhQ%3D%3D&position=5&pageNum=0&trk=public_jobs_jserp-result_search-card
Administrator;Hannover-Braunschweig-Göttingen-Wolfsburg Region;2023-11-13;https://de.linkedin.com/jobs/view/administrator-at-scitech-3729711740?refId=kaDLUkG58osDKtxNjkZG5g%3D%3D&trackingId=kAk5w1otL%2Fxpzijaau6KCw%3D%3D&position=6&pageNum=0&trk=public_jobs_jserp-result_search-card
System Administrator;Karlsruhe, Baden-Württemberg, Germany;2023-11-08;https://de.linkedin.com/jobs/view/system-administrator-at-revalize-3759313628?refId=kaDLUkG58osDKtxNjkZG5g%3D%3D&trackingId=3K2UPzqs2MegMrkY5AlkfA%3D%3D&position=7&pageNum=0&trk=public_jobs_jserp-result_search-card
Junior IT System- administrator (w/m/d);Heidelberg, Baden-Württemberg, Germany;2023-11-08;https://de.linkedin.com/jobs/view/junior-it-system-administrator-w-m-d-at-dvt-3760995147?refId=kaDLUkG58osDKtxNjkZG5g%3D%3D&trackingId=%2F2E%2FnHV0q%2FkfUxsxHz224g%3D%3D&position=8&pageNum=0&trk=public_jobs_jserp-result_search-card
System Administrator (all genders);Hamburg, Hamburg, Germany;2023-10-16;https://de.linkedin.com/jobs/view/system-administrator-all-genders-at-gamigo-group-3741652495?refId=kaDLUkG58osDKtxNjkZG5g%3D%3D&trackingId=0Q5fA3SxPe6z2qkdKAKyDg%3D%3D&position=9&pageNum=0&trk=public_jobs_jserp-result_search-card
IT Administrator (m/f/d);Schönefeld, Brandenburg, Germany;2023-10-27;https://de.linkedin.com/jobs/view/it-administrator-m-f-d-at-gemeinde-sch%C3%B6nefeld-3750499378?refId=kaDLUkG58osDKtxNjkZG5g%3D%3D&trackingId=R%2B6STHf0Fx38ECcNwNsHfw%3D%3D&position=10&pageNum=0&trk=public_jobs_jserp-result_search-card
IT System Administrator (m/f/d);Markgröningen, Baden-Württemberg, Germany;2023-10-22;https://de.linkedin.com/jobs/view/it-system-administrator-m-f-d-at-trans-logo-tech-tlt-gmbh-3746416503?refId=kaDLUkG58osDKtxNjkZG5g%3D%3D&trackingId=UiunPYHVvBqn81PuIMu9FQ%3D%3D&position=11&pageNum=0&trk=public_jobs_jserp-result_search-card
Linux Administrator / System Architect (m/w/div);Stuttgart, Baden-Württemberg, Germany;2023-11-20;https://de.linkedin.com/jobs/view/linux-administrator-system-architect-m-w-div-at-humanexx-3770753608?refId=kaDLUkG58osDKtxNjkZG5g%3D%3D&trackingId=VsyVL6JmH9f5BrgYIbyhug%3D%3D&position=12&pageNum=0&trk=public_jobs_jserp-result_search-card
Administrator IT;Löbau, Saxony, Germany;2023-06-19;https://de.linkedin.com/jobs/view/administrator-it-at-theurich-b%C3%BCrosysteme-ohg-3665915657?refId=kaDLUkG58osDKtxNjkZG5g%3D%3D&trackingId=xLAwMrGBXiDvpkKBh3SYMQ%3D%3D&position=13&pageNum=0&trk=public_jobs_jserp-result_search-card
IT-Administrator:in;Wolfsburg, Lower Saxony, Germany;2023-11-08;https://de.linkedin.com/jobs/view/it-administrator-in-at-dos-software-systeme-gmbh-3760947073?refId=kaDLUkG58osDKtxNjkZG5g%3D%3D&trackingId=CPni%2BsJyGidSFkKvBrxjnw%3D%3D&position=14&pageNum=0&trk=public_jobs_jserp-result_search-card
Office Manager (gn);Hanau am Main, Hesse, Germany;2023-11-20;https://de.linkedin.com/jobs/view/office-manager-gn-at-manpower-professional-deutschland-3770911656?refId=kaDLUkG58osDKtxNjkZG5g%3D%3D&trackingId=LSdJj2Qso0wD8UAsTVr60A%3D%3D&position=15&pageNum=0&trk=public_jobs_jserp-result_search-card
Administrator;Lower Saxony, Germany;2023-11-10;https://de.linkedin.com/jobs/view/administrator-at-cpl-life-sciences-3762782764?refId=kaDLUkG58osDKtxNjkZG5g%3D%3D&trackingId=vcg4WkxbQJeuovQ9XFqViw%3D%3D&position=16&pageNum=0&trk=public_jobs_jserp-result_search-card
IT-Administrator;Arnsberg, North Rhine-Westphalia, Germany;2023-11-21;https://de.linkedin.com/jobs/view/it-administrator-at-jumah-net-it-service-gmbh-3770997678?refId=kaDLUkG58osDKtxNjkZG5g%3D%3D&trackingId=0ScFo3kr3Mxqexzg0dgGxQ%3D%3D&position=17&pageNum=0&trk=public_jobs_jserp-result_search-card
(Junior) Office Manager (m/w/d)- 10-15 hrs/week;Walldorf, Baden-Württemberg, Germany;2023-11-20;https://de.linkedin.com/jobs/view/junior-office-manager-m-w-d-10-15-hrs-week-at-sap-fioneer-3770398321?refId=kaDLUkG58osDKtxNjkZG5g%3D%3D&trackingId=%2BYmjeqzXzVCmIXLpTsp1Gg%3D%3D&position=18&pageNum=0&trk=public_jobs_jserp-result_search-card
Back Office Manager;Greater Nuremberg Metropolitan Area;2023-11-07;https://de.linkedin.com/jobs/view/back-office-manager-at-emerson-renaldi-3760092520?refId=kaDLUkG58osDKtxNjkZG5g%3D%3D&trackingId=X2NNzSHaSfE0LKpHvMfAXw%3D%3D&position=19&pageNum=0&trk=public_jobs_jserp-result_search-card
IT System Administrator (m/f/d);Frankfurt am Main, Hesse, Germany;2023-11-02;https://de.linkedin.com/jobs/view/it-system-administrator-m-f-d-at-matrix42-3728449966?refId=kaDLUkG58osDKtxNjkZG5g%3D%3D&trackingId=OBBbQZE8W0ZvKnglTi5VKQ%3D%3D&position=20&pageNum=0&trk=public_jobs_jserp-result_search-card
System-Administrator (m/w/d);Böblingen, Baden-Württemberg, Germany;2023-07-01;https://de.linkedin.com/jobs/view/system-administrator-m-w-d-at-ineos-automotive-3676186663?refId=kaDLUkG58osDKtxNjkZG5g%3D%3D&trackingId=zhNCoo5nBSq6jRBoQAF%2BMA%3D%3D&position=21&pageNum=0&trk=public_jobs_jserp-result_search-card
IT Administrator (m/f/x);Kleinwinternheim, Rhineland-Palatinate, Germany;2023-11-13;https://de.linkedin.com/jobs/view/it-administrator-m-f-x-at-sysgo-embedding-innovations-3762462194?refId=kaDLUkG58osDKtxNjkZG5g%3D%3D&trackingId=Akg5JVU%2FwWY2nQrjcgKewg%3D%3D&position=22&pageNum=0&trk=public_jobs_jserp-result_search-card
Senior IT-Administrator (m/w/d);Cologne, North Rhine-Westphalia, Germany;2023-11-20;https://de.linkedin.com/jobs/view/senior-it-administrator-m-w-d-at-cyberdyne-it-gmbh-3765420552?refId=kaDLUkG58osDKtxNjkZG5g%3D%3D&trackingId=lAVQncZwds8hfD1A6ty%2BLQ%3D%3D&position=23&pageNum=0&trk=public_jobs_jserp-result_search-card
